href,src,complete_url
/products/II5763,https://shop.adidas.jp/photo/II/II5763/s-II5763-on_model-standard_view-slq2eRe4xA.jpg,https://shop.adidas.jp/products/II5763
/products/IP0418,https://shop.adidas.jp/photo/IP/IP0418/s-IP0418-on_model-standard_view-RnvsNiFO6f.jpg,https://shop.adidas.jp/products/IP0418
/products/IY8077,https://shop.adidas.jp/photo/IY/IY8077/s-IY8077-on_model-standard_view-isQUT2ts83.jpg,https://shop.adidas.jp/products/IY8077
/products/IY8076/,https://shop.adidas.jp/photo/IY/IY8076/s-IY8076-on_model-standard_view-ua9FYNBdUE.jpg,https://shop.adidas.jp/products/IY8076/
/products/IR9893/,https://shop.adidas.jp/photo/IR/IR9893/s-IR9893-on_model-standard_view-HqVy52vhaE.jpg,https://shop.adidas.jp/products/IR9893/
/products/IT2491/,https://shop.adidas.jp/photo/IT/IT2491/s-IT2491-on_model-standard_view-6ySxVHbCUs.jpg,https://shop.adidas.jp/products/IT2491/
/products/GK9541/,https://shop.adidas.jp/photo/GK/GK9541/s-GK9541-01-a2QPvT5lr9.jpg,https://shop.adidas.jp/products/GK9541/
/products/IS2925/,https://shop.adidas.jp/photo/IS/IS2925/s-IS2925-on_model-standard_view-5p842RmxN3.jpg,https://shop.adidas.jp/products/IS2925/
/products/IS1416/,https://shop.adidas.jp/photo/IS/IS1416/s-IS1416-01-CIzbWOgWqu.jpg,https://shop.adidas.jp/products/IS1416/
/products/IM4511/,https://shop.adidas.jp/photo/IM/IM4511/s-IM4511-on_model-standard_view-LdNunPmEH7.jpg,https://shop.adidas.jp/products/IM4511/
/products/HP0751/,https://shop.adidas.jp/photo/HP/HP0751/s-HP0751-01-kC1S1YI2yU.jpg,https://shop.adidas.jp/products/HP0751/
/products/IK7025/,https://shop.adidas.jp/photo/IK/IK7025/s-IK7025-01-ci6KzxfGbI.jpg,https://shop.adidas.jp/products/IK7025/
/products/IY8075/,https://shop.adidas.jp/photo/IY/IY8075/s-IY8075-on_model-standard_view-FqKzsw7aG3.jpg,https://shop.adidas.jp/products/IY8075/
/products/IR5240,https://shop.adidas.jp/photo/IR/IR5240/s-IR5240-31-PZvkHdvXnj.jpg,https://shop.adidas.jp/products/IR5240
/products/IA5373,https://shop.adidas.jp/photo/IA/IA5373/s-IA5373-on_model-standard_view-AnKIrHZyfA.jpg,https://shop.adidas.jp/products/IA5373
/products/IX7978,https://shop.adidas.jp/photo/IX/IX7978/s-IX7978-on_model-standard_view-6gkOQZL7Ex.jpg,https://shop.adidas.jp/products/IX7978
/products/IA4845/,https://shop.adidas.jp/photo/IA/IA4845/s-IA4845-on_model-standard_view-Ook3e6YG7H.jpg,https://shop.adidas.jp/products/IA4845/
/products/IM9429/,https://shop.adidas.jp/photo/IM/IM9429/s-IM9429-on_model-standard_view-6wRStgo0U9.jpg,https://shop.adidas.jp/products/IM9429/
/products/HZ4506/,https://shop.adidas.jp/photo/HZ/HZ4506/s-HZ4506-on_model-standard_view-ftDiVkJ356.jpg,https://shop.adidas.jp/products/HZ4506/
/products/HY5898/,https://shop.adidas.jp/photo/HY/HY5898/s-HY5898-on_model-standard_view-dUsrOn3t5H.jpg,https://shop.adidas.jp/products/HY5898/
/products/II5807/,https://shop.adidas.jp/photo/II/II5807/s-II5807-on_model-standard_view-qSkTJzJelV.jpg,https://shop.adidas.jp/products/II5807/
/products/IV5354/,https://shop.adidas.jp/photo/IV/IV5354/s-IV5354-on_model-standard_view-qLj8g6aELw.jpg,https://shop.adidas.jp/products/IV5354/
/products/IN1488/,https://shop.adidas.jp/photo/IN/IN1488/s-IN1488-on_model-standard_view-u68yJZzSjE.jpg,https://shop.adidas.jp/products/IN1488/
/products/IB6394/,https://shop.adidas.jp/photo/IB/IB6394/s-IB6394-marketing-heromrktng_view_1-bkaqs2I5qh.jpg,https://shop.adidas.jp/products/IB6394/
/products/IM4489/,https://shop.adidas.jp/photo/IM/IM4489/s-IM4489-on_model-standard_view-RbsemTDRRs.jpg,https://shop.adidas.jp/products/IM4489/
/products/HA6363/,https://shop.adidas.jp/photo/HA/HA6363/s-HA6363-01-fF5ZdcAuRI.jpg,https://shop.adidas.jp/products/HA6363/
/products/IR9864/,https://shop.adidas.jp/photo/IR/IR9864/s-IR9864-on_model-standard_view-4mFmBVTcFK.jpg,https://shop.adidas.jp/products/IR9864/
/products/IK3094/,https://shop.adidas.jp/photo/IK/IK3094/s-IK3094-on_model-standard_unisex_pair_shot-zCnIdoZNEr.jpg,https://shop.adidas.jp/products/IK3094/
/products/HY7165/,https://shop.adidas.jp/photo/HY/HY7165/s-HY7165-on_model-standard_view-CYxAeaeqIB.jpg,https://shop.adidas.jp/products/HY7165/
/products/HR3531/,https://shop.adidas.jp/photo/HR/HR3531/s-HR3531-on_model-front_view-1OwiFmkDML.jpg,https://shop.adidas.jp/products/HR3531/
/products/IA2698/,https://shop.adidas.jp/photo/IA/IA2698/s-IA2698-on_model-standard_view-3JEWrSMRxx.jpg,https://shop.adidas.jp/products/IA2698/
/products/IM4412/,https://shop.adidas.jp/photo/IM/IM4412/s-IM4412-on_model-standard_view-GbhX6UkiTo.jpg,https://shop.adidas.jp/products/IM4412/
/products/IN4683/,https://shop.adidas.jp/photo/IN/IN4683/s-IN4683-on_model-standard_view-YMfpnMRqbJ.jpg,https://shop.adidas.jp/products/IN4683/
/products/IM4537/,https://shop.adidas.jp/photo/IM/IM4537/s-IM4537-on_model-standard_view-F8owJAPDsc.jpg,https://shop.adidas.jp/products/IM4537/
/products/HZ8555/,https://shop.adidas.jp/photo/HZ/HZ8555/s-HZ8555-marketing-descmrktng_view_1-hvhFKGvO2o.jpg,https://shop.adidas.jp/products/HZ8555/
/products/JF3933/,https://shop.adidas.jp/photo/JF/JF3933/s-JF3933-on_model-standard_view-NAF54VZBJ3.jpg,https://shop.adidas.jp/products/JF3933/
/products/HK5157/,https://shop.adidas.jp/photo/HK/HK5157/s-HK5157-on_model-standard_view-0brouJIktl.jpg,https://shop.adidas.jp/products/HK5157/
/products/IB6124/,https://shop.adidas.jp/photo/IB/IB6124/s-IB6124-on_model-standard_view-0FULfoBRTa.jpg,https://shop.adidas.jp/products/IB6124/
/products/IW3648/,https://shop.adidas.jp/photo/IW/IW3648/s-IW3648-on_model-standard_view-VBC6HU4ujM.jpg,https://shop.adidas.jp/products/IW3648/
/products/HN6724/,https://shop.adidas.jp/photo/HN/HN6724/s-HN6724-on_model-front_view-Sk1rFbLFhZ.jpg,https://shop.adidas.jp/products/HN6724/
/products/IK7112/,https://shop.adidas.jp/photo/IK/IK7112/s-IK7112-on_model-standard_view-TD2g4jC2lP.jpg,https://shop.adidas.jp/products/IK7112/
/products/JF3939/,https://shop.adidas.jp/photo/JF/JF3939/s-JF3939-73-gd6FsG7wG3.jpg,https://shop.adidas.jp/products/JF3939/
/products/IM2088/,https://shop.adidas.jp/photo/IM/IM2088/s-IM2088-on_model-standard_view-R6xiZVyxzz.jpg,https://shop.adidas.jp/products/IM2088/
/products/HS1525/,https://shop.adidas.jp/photo/HS/HS1525/s-HS1525-on_model-front_view-ZGw9bcmzKW.jpg,https://shop.adidas.jp/products/HS1525/
/products/JF3984/,https://shop.adidas.jp/photo/JF/JF3984/s-JF3984-73-4bw6xs9B8g.jpg,https://shop.adidas.jp/products/JF3984/
/products/IQ3425/,https://shop.adidas.jp/photo/IQ/IQ3425/s-IQ3425-on_model-standard_view-FUgZogpHUq.jpg,https://shop.adidas.jp/products/IQ3425/
/products/GN5792/,https://shop.adidas.jp/photo/GN/GN5792/s-GN5792-3d_torso-front_view-15rnaIeByv.jpg,https://shop.adidas.jp/products/GN5792/
/products/HK2336/,https://shop.adidas.jp/photo/HK/HK2336/s-HK2336-on_model-standard_view-V15oVVuh2W.jpg,https://shop.adidas.jp/products/HK2336/
/products/IL7197/,https://shop.adidas.jp/photo/IL/IL7197/s-IL7197-marketing-heromrktng_view_1-T8MakcyugF.jpg,https://shop.adidas.jp/products/IL7197/
/products/HZ4504/,https://shop.adidas.jp/photo/HZ/HZ4504/s-HZ4504-on_model-standard_view-nZKsP7iymF.jpg,https://shop.adidas.jp/products/HZ4504/
/products/JF3941/,https://shop.adidas.jp/photo/JF/JF3941/s-JF3941-73-9pfF3dp9hG.jpg,https://shop.adidas.jp/products/JF3941/
/products/IL4729/,https://shop.adidas.jp/photo/IL/IL4729/s-IL4729-on_model-standard_view-QnnctL1Gqj.jpg,https://shop.adidas.jp/products/IL4729/
/products/IA2531/,https://shop.adidas.jp/photo/IA/IA2531/s-IA2531-on_model-front_view-MPstwJby3p.jpg,https://shop.adidas.jp/products/IA2531/
/products/IJ7059/,https://shop.adidas.jp/photo/IJ/IJ7059/s-IJ7059-on_model-standard_view-zzpEGqoaOq.jpg,https://shop.adidas.jp/products/IJ7059/
/products/HR3319/,https://shop.adidas.jp/photo/HR/HR3319/s-HR3319-on_model-standard_view-RvpuGAqNwA.jpg,https://shop.adidas.jp/products/HR3319/
/products/IN1486/,https://shop.adidas.jp/photo/IN/IN1486/s-IN1486-on_model-standard_view-T9qTF4oMK6.jpg,https://shop.adidas.jp/products/IN1486/
/products/IR9476/,https://shop.adidas.jp/photo/IR/IR9476/s-IR9476-on_model-standard_view-2yLMb0RXFF.jpg,https://shop.adidas.jp/products/IR9476/
/products/IA5001/,https://shop.adidas.jp/photo/IA/IA5001/s-IA5001-34-OFcRHvSJ5C.jpg,https://shop.adidas.jp/products/IA5001/
/products/IY2274/,https://shop.adidas.jp/photo/IY/IY2274/s-IY2274-on_model-standard_view-9Qx4iqzoPM.jpg,https://shop.adidas.jp/products/IY2274/
/products/H28899/,https://shop.adidas.jp/photo/H2/H28899/s-H28899-01-mgg3j0KOIZ.jpg,https://shop.adidas.jp/products/H28899/
/products/IT7459/,https://shop.adidas.jp/photo/IT/IT7459/s-IT7459-on_model-standard_view-rFKvKn0iTg.jpg,https://shop.adidas.jp/products/IT7459/
/products/IL2496,https://shop.adidas.jp/photo/IL/IL2496/s-IL2496-on_model-standard_view-IAaSOq44Nz.jpg,https://shop.adidas.jp/products/IL2496
/products/H49613,https://shop.adidas.jp/photo/H4/H49613/s-H49613-on_model-standard_view-c6Ipn8qQd6.jpg,https://shop.adidas.jp/products/H49613
/products/HZ8563,https://shop.adidas.jp/photo/HZ/HZ8563/s-HZ8563-on_model-standard_view-tU5lsdCyZK.jpg,https://shop.adidas.jp/products/HZ8563
/products/IN9172/,https://shop.adidas.jp/photo/IN/IN9172/s-IN9172-03-2CRkMG30RL.jpg,https://shop.adidas.jp/products/IN9172/
/products/IN4342,https://shop.adidas.jp/photo/IN/IN4342/s-IN4342-on_model-standard_unisex_pair_shot-bzKFvRwX1K.jpg,https://shop.adidas.jp/products/IN4342
/products/II5968,https://shop.adidas.jp/photo/II/II5968/s-II5968-on_model-standard_view-cp5eCHF9pT.jpg,https://shop.adidas.jp/products/II5968
/products/IV8232,https://shop.adidas.jp/photo/IV/IV8232/s-IV8232-on_model-standard_unisex_pair_shot-jjwaq6PzVs.jpg,https://shop.adidas.jp/products/IV8232
/products/IA3124/,https://shop.adidas.jp/photo/IA/IA3124/s-IA3124-on_model-standard_view-y0fL5bHymu.jpg,https://shop.adidas.jp/products/IA3124/
/products/IM4380,https://shop.adidas.jp/photo/IM/IM4380/s-IM4380-on_model-standard_view-qkLxoW7sND.jpg,https://shop.adidas.jp/products/IM4380
/products/HR6934,https://shop.adidas.jp/photo/HR/HR6934/s-HR6934-marketing-heromrktng_view_1-rhT1wi4Oo6.jpg,https://shop.adidas.jp/products/HR6934
/products/IC5771,https://shop.adidas.jp/photo/IC/IC5771/s-IC5771-on_model-front_view-Ry3lfpRSk9.jpg,https://shop.adidas.jp/products/IC5771
/products/IJ0713/,https://shop.adidas.jp/photo/IJ/IJ0713/s-IJ0713-3d_torso-front_center_view-zAQgbwGsFk.jpg,https://shop.adidas.jp/products/IJ0713/
/products/IC8044,https://shop.adidas.jp/photo/IC/IC8044/s-IC8044-on_model-front_view-0PPy6LIvR6.jpg,https://shop.adidas.jp/products/IC8044
/products/IA7100,https://shop.adidas.jp/photo/IA/IA7100/s-IA7100-on_model-standard_view-08j2irHCyn.jpg,https://shop.adidas.jp/products/IA7100
/products/HU1309,https://shop.adidas.jp/photo/HU/HU1309/s-HU1309-on_model-standard_view-Bg1oXTiuqj.jpg,https://shop.adidas.jp/products/HU1309
/products/H44785/,https://shop.adidas.jp/photo/H4/H44785/s-H44785-on_model-standard_unisex_pair_shot-UByyN3MaSj.jpg,https://shop.adidas.jp/products/H44785/
/products/IM4199,https://shop.adidas.jp/photo/IM/IM4199/s-IM4199-on_model-standard_view-Aqq8hqfIvU.jpg,https://shop.adidas.jp/products/IM4199
/products/IM2531,https://shop.adidas.jp/photo/IM/IM2531/s-IM2531-marketing-heromrktng_view_1-xqfddTh8sK.jpg,https://shop.adidas.jp/products/IM2531
/products/IC8879,https://shop.adidas.jp/photo/IC/IC8879/s-IC8879-on_model-front_view-gd4cRfWHpD.jpg,https://shop.adidas.jp/products/IC8879
/products/IC7271/,https://shop.adidas.jp/photo/IC/IC7271/s-IC7271-on_model-standard_view-hsSHj6SxMY.jpg,https://shop.adidas.jp/products/IC7271/
/products/HZ9787,https://shop.adidas.jp/photo/HZ/HZ9787/s-HZ9787-on_model-standard_view-w60CL50Zww.jpg,https://shop.adidas.jp/products/HZ9787
/products/IC3448,https://shop.adidas.jp/photo/IC/IC3448/s-IC3448-on_model-standard_view-z5uRcyuDT6.jpg,https://shop.adidas.jp/products/IC3448
/products/GT8797,https://shop.adidas.jp/photo/GT/GT8797/s-GT8797-01-HxjZgV4bep.jpg,https://shop.adidas.jp/products/GT8797
/products/HZ8559/,https://shop.adidas.jp/photo/HZ/HZ8559/s-HZ8559-on_model-standard_view-G07SpLouOt.jpg,https://shop.adidas.jp/products/HZ8559/
/products/IU0691,https://shop.adidas.jp/photo/IU/IU0691/s-IU0691-on_model-standard_unisex_pair_shot-H48lmdOcEO.jpg,https://shop.adidas.jp/products/IU0691
/products/JF3986,https://shop.adidas.jp/photo/JF/JF3986/s-JF3986-on_model-standard_view-EE7om0754r.jpg,https://shop.adidas.jp/products/JF3986
/products/HZ0708,https://shop.adidas.jp/photo/HZ/HZ0708/s-HZ0708-on_model-standard_view-16o7pqGFJ8.jpg,https://shop.adidas.jp/products/HZ0708
/products/IA5006/,https://shop.adidas.jp/photo/IA/IA5006/s-IA5006-54-bnAR0qWZ4u.jpg,https://shop.adidas.jp/products/IA5006/
/products/HR8248,https://shop.adidas.jp/photo/HR/HR8248/s-HR8248-marketing-heromrktng_view_1-vq87NGerI8.jpg,https://shop.adidas.jp/products/HR8248
/products/IM8232,https://shop.adidas.jp/photo/IM/IM8232/s-IM8232-32-e6eggG3eWf.jpg,https://shop.adidas.jp/products/IM8232
/products/IB0873,https://shop.adidas.jp/photo/IB/IB0873/s-IB0873-on_model-standard_view-jFj9THjBr9.jpg,https://shop.adidas.jp/products/IB0873
/products/IM4410/,https://shop.adidas.jp/photo/IM/IM4410/s-IM4410-on_model-standard_view-LyQmOES0fF.jpg,https://shop.adidas.jp/products/IM4410/
/products/IR5882,https://shop.adidas.jp/photo/IR/IR5882/s-IR5882-on_model-standard_view-RZL1P1t5gG.jpg,https://shop.adidas.jp/products/IR5882
/products/HM4020,https://shop.adidas.jp/photo/HM/HM4020/s-HM4020-on_model-standard_view-1IESHxaofY.jpg,https://shop.adidas.jp/products/HM4020
/products/IB8151,https://shop.adidas.jp/photo/IB/IB8151/s-IB8151-on_model-standard_view-ojpZcGac8F.jpg,https://shop.adidas.jp/products/IB8151
/products/IM2528/,https://shop.adidas.jp/photo/IM/IM2528/s-IM2528-on_model-standard_view-2KMgTkFi7C.jpg,https://shop.adidas.jp/products/IM2528/
/products/IQ2971,https://shop.adidas.jp/photo/IQ/IQ2971/s-IQ2971-on_model-standard_view-xl5PVpRR9W.jpg,https://shop.adidas.jp/products/IQ2971
/products/IB8107,https://shop.adidas.jp/photo/IB/IB8107/s-IB8107-on_model-standard_view-MOKE43hq9k.jpg,https://shop.adidas.jp/products/IB8107
/products/HS3203,https://shop.adidas.jp/photo/HS/HS3203/s-HS3203-on_model-standard_view-JRTD7tRfb2.jpg,https://shop.adidas.jp/products/HS3203
/products/IL7006/,https://shop.adidas.jp/photo/IL/IL7006/s-IL7006-on_model-standard_view-PaK61Bh1Kq.jpg,https://shop.adidas.jp/products/IL7006/
/products/HZ4985,https://shop.adidas.jp/photo/HZ/HZ4985/s-HZ4985-marketing-heromrktng_view_1-dMaPt2J2iF.jpg,https://shop.adidas.jp/products/HZ4985
/products/IK7166,https://shop.adidas.jp/photo/IK/IK7166/s-IK7166-56-WjZqYNS6x0.jpg,https://shop.adidas.jp/products/IK7166
/products/JF2864,https://shop.adidas.jp/photo/JF/JF2864/s-JF2864-on_model-standard_view-8GQTRCAb7Y.jpg,https://shop.adidas.jp/products/JF2864
/products/HZ7723/,https://shop.adidas.jp/photo/HZ/HZ7723/s-HZ7723-marketing-heromrktng_view_1-FIqSykPtwR.jpg,https://shop.adidas.jp/products/HZ7723/
/products/HT3677/,https://shop.adidas.jp/photo/HT/HT3677/s-HT3677-on_model-standard_view-4xstUOV7A1.jpg,https://shop.adidas.jp/products/HT3677/
/products/HF1851/,https://shop.adidas.jp/photo/HF/HF1851/s-HF1851-01-R9J8yJt0Tn.jpg,https://shop.adidas.jp/products/HF1851/
/products/IU2809,https://shop.adidas.jp/photo/IU/IU2809/s-IU2809-on_model-standard_view-7ZsRBr7XbE.jpg,https://shop.adidas.jp/products/IU2809
/products/JF3973,https://shop.adidas.jp/photo/JF/JF3973/s-JF3973-on_model-standard_view-RqnWMZtoPK.jpg,https://shop.adidas.jp/products/JF3973
/products/HT9441,https://shop.adidas.jp/photo/HT/HT9441/s-HT9441-on_model-standard_view-rfagVjsHm0.jpg,https://shop.adidas.jp/products/HT9441
/products/IN6649/,https://shop.adidas.jp/photo/IN/IN6649/s-IN6649-on_model-standard_view-92QrYsAWzw.jpg,https://shop.adidas.jp/products/IN6649/
/products/IT4510,https://shop.adidas.jp/photo/IT/IT4510/s-IT4510-on_model-standard_unisex_pair_shot-DbbIvCttUB.jpg,https://shop.adidas.jp/products/IT4510
/products/IU0093,https://shop.adidas.jp/photo/IU/IU0093/s-IU0093-on_model-standard_view-msX2y6Ybqt.jpg,https://shop.adidas.jp/products/IU0093
/products/IN2794,https://shop.adidas.jp/photo/IN/IN2794/s-IN2794-on_model-standard_view-ivQq3ZFG1J.jpg,https://shop.adidas.jp/products/IN2794
/products/IN9037/,https://shop.adidas.jp/photo/IN/IN9037/s-IN9037-on_model-standard_view-WuUYla4Jci.jpg,https://shop.adidas.jp/products/IN9037/
/products/IM2094,https://shop.adidas.jp/photo/IM/IM2094/s-IM2094-on_model-standard_view-OQfRHw8Kft.jpg,https://shop.adidas.jp/products/IM2094
/products/HT3657,https://shop.adidas.jp/photo/HT/HT3657/s-HT3657-on_model-front_view-mGVpSqSoxY.jpg,https://shop.adidas.jp/products/HT3657
/products/IS2830,https://shop.adidas.jp/photo/IS/IS2830/s-IS2830-on_model-standard_view-R5lj711ZuY.jpg,https://shop.adidas.jp/products/IS2830
/products/HS3316/,https://shop.adidas.jp/photo/HS/HS3316/s-HS3316-on_model-front_view-vuvxg3RMSj.jpg,https://shop.adidas.jp/products/HS3316/
/products/HS2514,https://shop.adidas.jp/photo/HS/HS2514/s-HS2514-on_model-standard_view-RJRBKjrO39.jpg,https://shop.adidas.jp/products/HS2514
/products/GL0062,https://shop.adidas.jp/photo/GL/GL0062/s-GL0062-01-T6evdt1lXw.jpg,https://shop.adidas.jp/products/GL0062
/products/IN8165,https://shop.adidas.jp/photo/IN/IN8165/s-IN8165-on_model-standard_view-T6kPPVQwDk.jpg,https://shop.adidas.jp/products/IN8165
/products/IS2814/,https://shop.adidas.jp/photo/IS/IS2814/s-IS2814-on_model-standard_view-KLK6fzy5Gv.jpg,https://shop.adidas.jp/products/IS2814/
/products/HY3302,https://shop.adidas.jp/photo/HY/HY3302/s-HY3302-on_model-standard_view-eQkvwBE9BD.jpg,https://shop.adidas.jp/products/HY3302
/products/HS4494,https://shop.adidas.jp/photo/HS/HS4494/s-HS4494-81-XkUUCHeZUx.jpg,https://shop.adidas.jp/products/HS4494
/products/IB0867,https://shop.adidas.jp/photo/IB/IB0867/s-IB0867-on_model-standard_view-M83myDB9hM.jpg,https://shop.adidas.jp/products/IB0867
/products/HS3313/,https://shop.adidas.jp/photo/HS/HS3313/s-HS3313-on_model-front_view-mc3ZmFOlrE.jpg,https://shop.adidas.jp/products/HS3313/
/products/IK7327,https://shop.adidas.jp/photo/IK/IK7327/s-IK7327-on_model-standard_unisex_pair_shot-Ap9XxtApHr.jpg,https://shop.adidas.jp/products/IK7327
/products/IT7759,https://shop.adidas.jp/photo/IT/IT7759/s-IT7759-marketing-heromrktng_view_1-GDSAIk2hdf.jpg,https://shop.adidas.jp/products/IT7759
/products/HY0972,https://shop.adidas.jp/photo/HY/HY0972/s-HY0972-on_model-standard_view-GyN2GcIkrT.jpg,https://shop.adidas.jp/products/HY0972
/products/IT4508,https://shop.adidas.jp/photo/IT/IT4508/s-IT4508-on_model-standard_unisex_pair_shot-6U7H2CQJIc.jpg,https://shop.adidas.jp/products/IT4508
/products/IX7981,https://shop.adidas.jp/photo/IX/IX7981/s-IX7981-on_model-standard_view-cInEdv8uXs.jpg,https://shop.adidas.jp/products/IX7981
/products/IU2810,https://shop.adidas.jp/photo/IU/IU2810/s-IU2810-on_model-standard_view-xZWSXVLZI8.jpg,https://shop.adidas.jp/products/IU2810
/products/II3450,https://shop.adidas.jp/photo/II/II3450/s-II3450-on_model-standard_view-YduxNrHm3B.jpg,https://shop.adidas.jp/products/II3450
/products/IL4702,https://shop.adidas.jp/photo/IL/IL4702/s-IL4702-on_model-standard_view-2q6sDqTvPe.jpg,https://shop.adidas.jp/products/IL4702
/products/IJ9607,https://shop.adidas.jp/photo/IJ/IJ9607/s-IJ9607-on_model-standard_view-tr40KVgjWC.jpg,https://shop.adidas.jp/products/IJ9607
/products/II0901,https://shop.adidas.jp/photo/II/II0901/s-II0901-on_model-standard_view-sppoK8lbPU.jpg,https://shop.adidas.jp/products/II0901
/products/HK8036,https://shop.adidas.jp/photo/HK/HK8036/s-HK8036-on_model-standard_view-lFE3TQNCLV.jpg,https://shop.adidas.jp/products/HK8036
/products/HY5450/,https://shop.adidas.jp/photo/HY/HY5450/s-HY5450-on_model-front_view-AVJfYEwidf.jpg,https://shop.adidas.jp/products/HY5450/
/products/IQ2922,https://shop.adidas.jp/photo/IQ/IQ2922/s-IQ2922-on_model-standard_view-yrcNODqPBx.jpg,https://shop.adidas.jp/products/IQ2922
/products/IL9470,https://shop.adidas.jp/photo/IL/IL9470/s-IL9470-on_model-standard_view-Jd3oThivqF.jpg,https://shop.adidas.jp/products/IL9470
/products/IT9688,https://shop.adidas.jp/photo/IT/IT9688/s-IT9688-on_model-standard_view-oFmuK8PfCy.jpg,https://shop.adidas.jp/products/IT9688
/products/IC1219,https://shop.adidas.jp/photo/IC/IC1219/s-IC1219-on_model-standard_view-Ld8Be94CoZ.jpg,https://shop.adidas.jp/products/IC1219
/products/HP0625,https://shop.adidas.jp/photo/HP/HP0625/s-HP0625-01-9R7gd7kakE.jpg,https://shop.adidas.jp/products/HP0625
/products/IU0096,https://shop.adidas.jp/photo/IU/IU0096/s-IU0096-on_model-standard_view-dVxxrnN4Y7.jpg,https://shop.adidas.jp/products/IU0096
/products/IR8489,https://shop.adidas.jp/photo/IR/IR8489/s-IR8489-on_model-standard_unisex_pair_shot-G5aLzQiDhd.jpg,https://shop.adidas.jp/products/IR8489
/products/HU1349,https://shop.adidas.jp/photo/HU/HU1349/s-HU1349-on_model-standard_view-99hpvfRfLB.jpg,https://shop.adidas.jp/products/HU1349
/products/IR7586,https://shop.adidas.jp/photo/IR/IR7586/s-IR7586-on_model-standard_view-gR8TZqnKGV.jpg,https://shop.adidas.jp/products/IR7586
/products/IX1968,https://shop.adidas.jp/photo/IX/IX1968/s-IX1968-on_model-standard_unisex_pair_shot-kMgsJImxYf.jpg,https://shop.adidas.jp/products/IX1968
/products/IU4428,https://shop.adidas.jp/photo/IU/IU4428/s-IU4428-on_model-standard_view-P93NqKe5bf.jpg,https://shop.adidas.jp/products/IU4428
/products/IU4429/,https://shop.adidas.jp/photo/IU/IU4429/s-IU4429-on_model-standard_view-5eGoL4ykvo.jpg,https://shop.adidas.jp/products/IU4429/
/products/HC9826,https://shop.adidas.jp/photo/HC/HC9826/s-HC9826-marketing-heromrktng_view_1.jpg,https://shop.adidas.jp/products/HC9826
/products/IJ4949,https://shop.adidas.jp/photo/IJ/IJ4949/s-IJ4949-on_model-standard_view-IlEgPa6iSR.jpg,https://shop.adidas.jp/products/IJ4949
/products/IA5375,https://shop.adidas.jp/photo/IA/IA5375/s-IA5375-on_model-standard_view-bzaMHt0aqJ.jpg,https://shop.adidas.jp/products/IA5375
/products/HS7458,https://shop.adidas.jp/photo/HS/HS7458/s-HS7458-on_model-front_view-V23jHM5Xim.jpg,https://shop.adidas.jp/products/HS7458
/products/IC9347,https://shop.adidas.jp/photo/IC/IC9347/s-IC9347-on_model-standard_view-A3QnPoKqDj.jpg,https://shop.adidas.jp/products/IC9347
/products/IB1996,https://shop.adidas.jp/photo/IB/IB1996/s-IB1996-on_model-standard_view-hiTDq0eJzg.jpg,https://shop.adidas.jp/products/IB1996
/products/IC4975,https://shop.adidas.jp/photo/IC/IC4975/s-IC4975-on_model-standard_view-NvZTEMlsyk.jpg,https://shop.adidas.jp/products/IC4975
/products/IM4211,https://shop.adidas.jp/photo/IM/IM4211/s-IM4211-on_model-standard_view-jDCU8odDjS.jpg,https://shop.adidas.jp/products/IM4211
/products/IU0079,https://shop.adidas.jp/photo/IU/IU0079/s-IU0079-on_model-standard_view-s0mBzyVbWR.jpg,https://shop.adidas.jp/products/IU0079
/products/IU0120,https://shop.adidas.jp/photo/IU/IU0120/s-IU0120-on_model-standard_view-ESUUZWopWk.jpg,https://shop.adidas.jp/products/IU0120
/products/HD3525,https://shop.adidas.jp/photo/HD/HD3525/s-HD3525-on_model-standard_view-4sy2iePE54.jpg,https://shop.adidas.jp/products/HD3525
/products/IN2374,https://shop.adidas.jp/photo/IN/IN2374/s-IN2374-on_model-standard_view-Dy47lZ81Hi.jpg,https://shop.adidas.jp/products/IN2374
/products/IM4194,https://shop.adidas.jp/photo/IM/IM4194/s-IM4194-marketing-heromrktng_view_1-Qd18lvzL5y.jpg,https://shop.adidas.jp/products/IM4194
/products/HT7208,https://shop.adidas.jp/photo/HT/HT7208/s-HT7208-on_model-standard_view-U8DL77SLKs.jpg,https://shop.adidas.jp/products/HT7208
/products/HT0081/,https://shop.adidas.jp/photo/HT/HT0081/s-HT0081-on_model-front_view-T0sFUo9G4G.jpg,https://shop.adidas.jp/products/HT0081/
/products/IA7726,https://shop.adidas.jp/photo/IA/IA7726/s-IA7726-on_model-standard_unisex_pair_shot-u7nZpf0N3r.jpg,https://shop.adidas.jp/products/IA7726
/products/HS7495,https://shop.adidas.jp/photo/HS/HS7495/s-HS7495-on_model-front_view-XtTduIa5Ky.jpg,https://shop.adidas.jp/products/HS7495
/products/IL2519,https://shop.adidas.jp/photo/IL/IL2519/s-IL2519-on_model-standard_view-RXzoKjJB3w.jpg,https://shop.adidas.jp/products/IL2519
/products/IC6004/,https://shop.adidas.jp/photo/IC/IC6004/s-IC6004-on_model-standard_view-HyX8oUT5d5.jpg,https://shop.adidas.jp/products/IC6004/
/products/GT5563/,https://shop.adidas.jp/photo/GT/GT5563/s-GT5563-01-RMIFOaGI5s.jpg,https://shop.adidas.jp/products/GT5563/
/products/IC8383,https://shop.adidas.jp/photo/IC/IC8383/s-IC8383-on_model-front_view-JEvOdkuERY.jpg,https://shop.adidas.jp/products/IC8383
/products/HS3209,https://shop.adidas.jp/photo/HS/HS3209/s-HS3209-marketing-heromrktng_view_1-pOstn8un3a.jpg,https://shop.adidas.jp/products/HS3209
/products/IM1106,https://shop.adidas.jp/photo/IM/IM1106/s-IM1106-marketing-heromrktng_view_1-T0GyfZDI8V.jpg,https://shop.adidas.jp/products/IM1106
/products/IA4784/,https://shop.adidas.jp/photo/IA/IA4784/s-IA4784-marketing-heromrktng_view_1-5eaxM6bcUX.jpg,https://shop.adidas.jp/products/IA4784/
/products/II5971,https://shop.adidas.jp/photo/II/II5971/s-II5971-on_model-standard_view-89jxQ4e6tp.jpg,https://shop.adidas.jp/products/II5971
/products/IB3995,https://shop.adidas.jp/photo/IB/IB3995/s-IB3995-on_model-standard_view-n6xoETYY9K.jpg,https://shop.adidas.jp/products/IB3995
/products/IK7346,https://shop.adidas.jp/photo/IK/IK7346/s-IK7346-on_model-standard_unisex_pair_shot-MncgFV258L.jpg,https://shop.adidas.jp/products/IK7346
/products/IC9275/,https://shop.adidas.jp/photo/IC/IC9275/s-IC9275-on_model-standard_view-QGh7FANcfK.jpg,https://shop.adidas.jp/products/IC9275/
/products/II5950,https://shop.adidas.jp/photo/II/II5950/s-II5950-on_model-standard_view-W5QW0a0WLV.jpg,https://shop.adidas.jp/products/II5950
/products/IL2508,https://shop.adidas.jp/photo/IL/IL2508/s-IL2508-on_model-standard_view-TYuztxQtbQ.jpg,https://shop.adidas.jp/products/IL2508
/products/IL5010,https://shop.adidas.jp/photo/IL/IL5010/s-IL5010-on_model-standard_view-nthHrJi3LV.jpg,https://shop.adidas.jp/products/IL5010
/products/DY6621/,https://shop.adidas.jp/photo/DY/DY6621/s-DY6621-3d_torso-front_view.jpg,https://shop.adidas.jp/products/DY6621/
/products/IM8419,https://shop.adidas.jp/photo/IM/IM8419/s-IM8419-on_model-standard_unisex_pair_shot-bYp5LfjPee.jpg,https://shop.adidas.jp/products/IM8419
/products/IM8418,https://shop.adidas.jp/photo/IM/IM8418/s-IM8418-on_model-standard_unisex_pair_shot-F8l3WCECC9.jpg,https://shop.adidas.jp/products/IM8418
/products/IT8327,https://shop.adidas.jp/photo/IT/IT8327/s-IT8327-on_model-standard_view-GmySo9vGnY.jpg,https://shop.adidas.jp/products/IT8327
/products/IN9054/,https://shop.adidas.jp/photo/IN/IN9054/s-IN9054-on_model-standard_view-Ev6qs1OaEb.jpg,https://shop.adidas.jp/products/IN9054/
/products/IU4426,https://shop.adidas.jp/photo/IU/IU4426/s-IU4426-on_model-standard_view-jKXmMng4bQ.jpg,https://shop.adidas.jp/products/IU4426
/products/IN9058,https://shop.adidas.jp/photo/IN/IN9058/s-IN9058-on_model-standard_view-s1rGqEAhBD.jpg,https://shop.adidas.jp/products/IN9058
/products/JF3972,https://shop.adidas.jp/photo/JF/JF3972/s-JF3972-on_model-standard_view-YoiB2F9sSk.jpg,https://shop.adidas.jp/products/JF3972
/products/IQ4059/,https://shop.adidas.jp/photo/IQ/IQ4059/s-IQ4059-55-MhIOtVWXSt.jpg,https://shop.adidas.jp/products/IQ4059/
/products/IN7703,https://shop.adidas.jp/photo/IN/IN7703/s-IN7703-on_model-standard_unisex_pair_shot-e9SESOnCCy.jpg,https://shop.adidas.jp/products/IN7703
/products/IK8786,https://shop.adidas.jp/photo/IK/IK8786/s-IK8786-on_model-standard_view-1aQa3YLPN1.jpg,https://shop.adidas.jp/products/IK8786
/products/HY3322,https://shop.adidas.jp/photo/HY/HY3322/s-HY3322-on_model-standard_view-vKK1OQCDGs.jpg,https://shop.adidas.jp/products/HY3322
/products/HT6836/,https://shop.adidas.jp/photo/HT/HT6836/s-HT6836-on_model-front_view-TYaHdpI1sx.jpg,https://shop.adidas.jp/products/HT6836/
/products/HR3729,https://shop.adidas.jp/photo/HR/HR3729/s-HR3729-marketing-heromrktng_view_1-Xom4HhSNxF.jpg,https://shop.adidas.jp/products/HR3729
/products/IU2161,https://shop.adidas.jp/photo/IU/IU2161/s-IU2161-on_model-standard_view-kGwsvUFfdP.jpg,https://shop.adidas.jp/products/IU2161
/products/HS7589,https://shop.adidas.jp/photo/HS/HS7589/s-HS7589-on_model-standard_view-fEimlTSqXd.jpg,https://shop.adidas.jp/products/HS7589
/products/IN6652/,https://shop.adidas.jp/photo/IN/IN6652/s-IN6652-on_model-standard_view-TqoAWHt2sH.jpg,https://shop.adidas.jp/products/IN6652/
/products/JF2857,https://shop.adidas.jp/photo/JF/JF2857/s-JF2857-on_model-standard_view-BBHyfBcgvX.jpg,https://shop.adidas.jp/products/JF2857
/products/JF2858,https://shop.adidas.jp/photo/JF/JF2858/s-JF2858-on_model-standard_view-FADXASbfkv.jpg,https://shop.adidas.jp/products/JF2858
/products/IT8316,https://shop.adidas.jp/photo/IT/IT8316/s-IT8316-on_model-standard_view-nrncpXJqlA.jpg,https://shop.adidas.jp/products/IT8316
/products/HZ6073/,https://shop.adidas.jp/photo/HZ/HZ6073/s-HZ6073-on_model-standard_view-wjHiVVvsLr.jpg,https://shop.adidas.jp/products/HZ6073/
/products/HZ0437,https://shop.adidas.jp/photo/HZ/HZ0437/s-HZ0437-on_model-standard_view-Z4dKJVh6lx.jpg,https://shop.adidas.jp/products/HZ0437
/products/IN0986,https://shop.adidas.jp/photo/IN/IN0986/s-IN0986-on_model-standard_view-2AFarBvRCi.jpg,https://shop.adidas.jp/products/IN0986
/products/IQ2927,https://shop.adidas.jp/photo/IQ/IQ2927/s-IQ2927-on_model-standard_view-zaixYzxjyh.jpg,https://shop.adidas.jp/products/IQ2927
/products/IN7122/,https://shop.adidas.jp/photo/IN/IN7122/s-IN7122-on_model-standard_view-MpnYGRvLq3.jpg,https://shop.adidas.jp/products/IN7122/
/products/HS1130,https://shop.adidas.jp/photo/HS/HS1130/s-HS1130-on_model-front_view-CCOaop5iI8.jpg,https://shop.adidas.jp/products/HS1130
/products/IR6379,https://shop.adidas.jp/photo/IR/IR6379/s-IR6379-on_model-standard_unisex_pair_shot-ERGIs8fJAd.jpg,https://shop.adidas.jp/products/IR6379
/products/HT0073,https://shop.adidas.jp/photo/HT/HT0073/s-HT0073-70-0YZNHdn5oU.jpg,https://shop.adidas.jp/products/HT0073
/products/IN4241/,https://shop.adidas.jp/photo/IN/IN4241/s-IN4241-on_model-standard_unisex_pair_shot-XORuLLNf2z.jpg,https://shop.adidas.jp/products/IN4241/
/products/IC7422,https://shop.adidas.jp/photo/IC/IC7422/s-IC7422-on_model-standard_view-1bUHLsBlLh.jpg,https://shop.adidas.jp/products/IC7422
/products/HY0989,https://shop.adidas.jp/photo/HY/HY0989/s-HY0989-on_model-standard_view-BgRq8xwI6b.jpg,https://shop.adidas.jp/products/HY0989
/products/HY0990,https://shop.adidas.jp/photo/HY/HY0990/s-HY0990-on_model-standard_view-uEZOLr9ItM.jpg,https://shop.adidas.jp/products/HY0990
/products/HT6871/,https://shop.adidas.jp/photo/HT/HT6871/s-HT6871-85-MvYwVHnu44.jpg,https://shop.adidas.jp/products/HT6871/
/products/IJ0718,https://shop.adidas.jp/photo/IJ/IJ0718/s-IJ0718-on_model-standard_view-PrBgqJr5ss.jpg,https://shop.adidas.jp/products/IJ0718
/products/IJ6109,https://shop.adidas.jp/photo/IJ/IJ6109/s-IJ6109-on_model-standard_view-XkbCS241vx.jpg,https://shop.adidas.jp/products/IJ6109
/products/IM4532,https://shop.adidas.jp/photo/IM/IM4532/s-IM4532-on_model-standard_view-QwhCOc5bvJ.jpg,https://shop.adidas.jp/products/IM4532
/products/H44790/,https://shop.adidas.jp/photo/H4/H44790/s-H44790-on_model-standard_unisex_pair_shot-vql4POyTnl.jpg,https://shop.adidas.jp/products/H44790/
/products/HZ0424,https://shop.adidas.jp/photo/HZ/HZ0424/s-HZ0424-on_model-standard_view-z8VhaNwVIH.jpg,https://shop.adidas.jp/products/HZ0424
/products/IL1609,https://shop.adidas.jp/photo/IL/IL1609/s-IL1609-on_model-standard_view-BFQOcE0NEB.jpg,https://shop.adidas.jp/products/IL1609
/products/HG8266,https://shop.adidas.jp/photo/HG/HG8266/s-HG8266-on_model-front_view-7yugcF5YCv.jpg,https://shop.adidas.jp/products/HG8266
/products/HG8272/,https://shop.adidas.jp/photo/HG/HG8272/s-HG8272-on_model-front_view-7AWGiDtb4e.jpg,https://shop.adidas.jp/products/HG8272/
/products/HB3576,https://shop.adidas.jp/photo/HB/HB3576/s-HB3576-3d_torso-front_view-wOKmbFlR52.jpg,https://shop.adidas.jp/products/HB3576
/products/HK6855,https://shop.adidas.jp/photo/HK/HK6855/s-HK6855-3d_torso-front_view-nZiTgkfmOW.jpg,https://shop.adidas.jp/products/HK6855
/products/HE2888,https://shop.adidas.jp/photo/HE/HE2888/s-HE2888-3d_torso-front_view-e6IoayDDuV.jpg,https://shop.adidas.jp/products/HE2888
/products/HS5617/,https://shop.adidas.jp/photo/HS/HS5617/s-HS5617-72-a5l8wHNzAD.jpg,https://shop.adidas.jp/products/HS5617/
/products/IY9519,https://shop.adidas.jp/photo/IY/IY9519/s-IY9519-on_model-standard_unisex_pair_shot-QgwKwVrlji.jpg,https://shop.adidas.jp/products/IY9519
/products/IU2442,https://shop.adidas.jp/photo/IU/IU2442/s-IU2442-3d_torso-front_view-uMmZKmrY6J.jpg,https://shop.adidas.jp/products/IU2442
/products/IP3554,https://shop.adidas.jp/photo/IP/IP3554/s-IP3554-marketing-heromrktng_view_1-pQR4HiU9cL.jpg,https://shop.adidas.jp/products/IP3554
/products/IS0829/,https://shop.adidas.jp/photo/IS/IS0829/s-IS0829-marketing-heromrktng_view_1-llsJOiQCe4.jpg,https://shop.adidas.jp/products/IS0829/
/products/IM2097,https://shop.adidas.jp/photo/IM/IM2097/s-IM2097-on_model-standard_view-hxbidxqkWO.jpg,https://shop.adidas.jp/products/IM2097
/products/HR3526,https://shop.adidas.jp/photo/HR/HR3526/s-HR3526-on_model-front_view-P9wsVScoxR.jpg,https://shop.adidas.jp/products/HR3526
/products/IC5740,https://shop.adidas.jp/photo/IC/IC5740/s-IC5740-on_model-front_view-VeUf9GEgOP.jpg,https://shop.adidas.jp/products/IC5740
/products/IC8391/,https://shop.adidas.jp/photo/IC/IC8391/s-IC8391-on_model-standard_view-nNrhOCJoke.jpg,https://shop.adidas.jp/products/IC8391/
